name,image
Angelina Keeley,Angelina.webp
Aubry Bracco,Aubry.webp
Benjamin “Coach” Wade,Coach.webp
Charlie Davis,Charlie.webp
Chrissy Hofbeck,Chrissy.webp
Christian Hubicki,Christian.webp
Cirie Fields,Cirie.webp
Colby Donaldson,Colby.webp
Dee Valladares,Dee.webp
Emily Flippen,Emily.webp
Genevieve Mushaluk,Genevieve.webp
Jenna Lewis-Dougherty,Jenna.webp
Joe Hunter,Joe.webp
Jonathan Young,Jonathan.webp
Kamilla Karthigesu,Kamilla.webp
Ozzy Lusth,Ozzy.webp
Kyle Fraser,Kyle.webp
Mike White,Mike.webp
Quintavius “Q” Burdette,Q.webp
Rick Devens,Rick.webp
Rizo Velovic,Rizo.webp
Savannah Louie,Savannah.webp
Stephenie LaGrossa Kendrick,Stephenie.webp
Tiffany Nicole Ervin,Tiffany.webp
